Unnamed: 0,$,id,(,),{,},main,int,float,string,char,boolean,",",;,input,print,return,=,if,ifel,while,int_literal,float_literal,char_literal,string_literal,true,false,less_op,greater_op,less_eq_op,greater_eq_op,eq_eq_op,not_eq_op,logical_and,logical_or,!,+,-,^,&,|,*,/,%
S,SKIP ::= SKIP,SKIP ::= SKIP,SKIP ::= SKIP,SKIP ::= SKIP,SKIP ::= SKIP,SKIP ::= SKIP,S ::= PROGRAM $,S ::= PROGRAM $,S ::= PROGRAM $,S ::= PROGRAM $,S ::= PROGRAM $,S ::= PROGRAM $,SKIP ::= SKIP,SKIP ::= SKIP,SKIP ::= SKIP,SKIP ::= SKIP,SKIP ::= SKIP,SKIP ::= SKIP,SKIP ::= SKIP,SKIP ::= SKIP,SKIP ::= SKIP,SKIP ::= SKIP,SKIP ::= SKIP,SKIP ::= SKIP,SKIP ::= SKIP,SKIP ::= SKIP,SKIP ::= SKIP,SKIP ::= SKIP,SKIP ::= SKIP,SKIP ::= SKIP,SKIP ::= SKIP,SKIP ::= SKIP,SKIP ::= SKIP,SKIP ::= SKIP,SKIP ::= SKIP,SKIP ::= SKIP,SKIP ::= SKIP,SKIP ::= SKIP,SKIP ::= SKIP,SKIP ::= SKIP,SKIP ::= SKIP,SKIP ::= SKIP,SKIP ::= SKIP,SKIP ::= SKIP
PROGRAM,SYNCH ::= SYNCH,SKIP ::= SKIP,SKIP ::= SKIP,SKIP ::= SKIP,SKIP ::= SKIP,SKIP ::= SKIP,PROGRAM ::= MAIN,PROGRAM ::= FUNCTION_LIST MAIN,PROGRAM ::= FUNCTION_LIST MAIN,PROGRAM ::= FUNCTION_LIST MAIN,PROGRAM ::= FUNCTION_LIST MAIN,PROGRAM ::= FUNCTION_LIST MAIN,SKIP ::= SKIP,SKIP ::= SKIP,SKIP ::= SKIP,SKIP ::= SKIP,SKIP ::= SKIP,SKIP ::= SKIP,SKIP ::= SKIP,SKIP ::= SKIP,SKIP ::= SKIP,SKIP ::= SKIP,SKIP ::= SKIP,SKIP ::= SKIP,SKIP ::= SKIP,SKIP ::= SKIP,SKIP ::= SKIP,SKIP ::= SKIP,SKIP ::= SKIP,SKIP ::= SKIP,SKIP ::= SKIP,SKIP ::= SKIP,SKIP ::= SKIP,SKIP ::= SKIP,SKIP ::= SKIP,SKIP ::= SKIP,SKIP ::= SKIP,SKIP ::= SKIP,SKIP ::= SKIP,SKIP ::= SKIP,SKIP ::= SKIP,SKIP ::= SKIP,SKIP ::= SKIP,SKIP ::= SKIP
FUNCTION_LIST,SKIP ::= SKIP,SKIP ::= SKIP,SKIP ::= SKIP,SKIP ::= SKIP,SKIP ::= SKIP,SKIP ::= SKIP,SYNCH ::= SYNCH,FUNCTION_LIST ::= FIRST_FUNCTION MORE_FUNCTIONS,FUNCTION_LIST ::= FIRST_FUNCTION MORE_FUNCTIONS,FUNCTION_LIST ::= FIRST_FUNCTION MORE_FUNCTIONS,FUNCTION_LIST ::= FIRST_FUNCTION MORE_FUNCTIONS,FUNCTION_LIST ::= FIRST_FUNCTION MORE_FUNCTIONS,SKIP ::= SKIP,SKIP ::= SKIP,SKIP ::= SKIP,SKIP ::= SKIP,SKIP ::= SKIP,SKIP ::= SKIP,SKIP ::= SKIP,SKIP ::= SKIP,SKIP ::= SKIP,SKIP ::= SKIP,SKIP ::= SKIP,SKIP ::= SKIP,SKIP ::= SKIP,SKIP ::= SKIP,SKIP ::= SKIP,SKIP ::= SKIP,SKIP ::= SKIP,SKIP ::= SKIP,SKIP ::= SKIP,SKIP ::= SKIP,SKIP ::= SKIP,SKIP ::= SKIP,SKIP ::= SKIP,SKIP ::= SKIP,SKIP ::= SKIP,SKIP ::= SKIP,SKIP ::= SKIP,SKIP ::= SKIP,SKIP ::= SKIP,SKIP ::= SKIP,SKIP ::= SKIP,SKIP ::= SKIP
FIRST_FUNCTION,SKIP ::= SKIP,SKIP ::= SKIP,SKIP ::= SKIP,SKIP ::= SKIP,SKIP ::= SKIP,SKIP ::= SKIP,SYNCH ::= SYNCH,FIRST_FUNCTION ::= FIRST_FUNCTION_PRE FIRST_FUNCTION_POST,FIRST_FUNCTION ::= FIRST_FUNCTION_PRE FIRST_FUNCTION_POST,FIRST_FUNCTION ::= FIRST_FUNCTION_PRE FIRST_FUNCTION_POST,FIRST_FUNCTION ::= FIRST_FUNCTION_PRE FIRST_FUNCTION_POST,FIRST_FUNCTION ::= FIRST_FUNCTION_PRE FIRST_FUNCTION_POST,SKIP ::= SKIP,SKIP ::= SKIP,SKIP ::= SKIP,SKIP ::= SKIP,SKIP ::= SKIP,SKIP ::= SKIP,SKIP ::= SKIP,SKIP ::= SKIP,SKIP ::= SKIP,SKIP ::= SKIP,SKIP ::= SKIP,SKIP ::= SKIP,SKIP ::= SKIP,SKIP ::= SKIP,SKIP ::= SKIP,SKIP ::= SKIP,SKIP ::= SKIP,SKIP ::= SKIP,SKIP ::= SKIP,SKIP ::= SKIP,SKIP ::= SKIP,SKIP ::= SKIP,SKIP ::= SKIP,SKIP ::= SKIP,SKIP ::= SKIP,SKIP ::= SKIP,SKIP ::= SKIP,SKIP ::= SKIP,SKIP ::= SKIP,SKIP ::= SKIP,SKIP ::= SKIP,SKIP ::= SKIP
FIRST_FUNCTION_PRE,SKIP ::= SKIP,SKIP ::= SKIP,SKIP ::= SKIP,SYNCH ::= SYNCH,SKIP ::= SKIP,SKIP ::= SKIP,SKIP ::= SKIP,FIRST_FUNCTION_PRE ::= TYPE id (,FIRST_FUNCTION_PRE ::= TYPE id (,FIRST_FUNCTION_PRE ::= TYPE id (,FIRST_FUNCTION_PRE ::= TYPE id (,FIRST_FUNCTION_PRE ::= TYPE id (,SKIP ::= SKIP,SKIP ::= SKIP,SKIP ::= SKIP,SKIP ::= SKIP,SKIP ::= SKIP,SKIP ::= SKIP,SKIP ::= SKIP,SKIP ::= SKIP,SKIP ::= SKIP,SKIP ::= SKIP,SKIP ::= SKIP,SKIP ::= SKIP,SKIP ::= SKIP,SKIP ::= SKIP,SKIP ::= SKIP,SKIP ::= SKIP,SKIP ::= SKIP,SKIP ::= SKIP,SKIP ::= SKIP,SKIP ::= SKIP,SKIP ::= SKIP,SKIP ::= SKIP,SKIP ::= SKIP,SKIP ::= SKIP,SKIP ::= SKIP,SKIP ::= SKIP,SKIP ::= SKIP,SKIP ::= SKIP,SKIP ::= SKIP,SKIP ::= SKIP,SKIP ::= SKIP,SKIP ::= SKIP
FIRST_FUNCTION_POST,SKIP ::= SKIP,SKIP ::= SKIP,SKIP ::= SKIP,FIRST_FUNCTION_POST ::= ) { STMTS },SKIP ::= SKIP,SKIP ::= SKIP,SYNCH ::= SYNCH,FIRST_FUNCTION_POST ::= FORMAL_PARAMS ) { STMTS },FIRST_FUNCTION_POST ::= FORMAL_PARAMS ) { STMTS },FIRST_FUNCTION_POST ::= FORMAL_PARAMS ) { STMTS },FIRST_FUNCTION_POST ::= FORMAL_PARAMS ) { STMTS },FIRST_FUNCTION_POST ::= FORMAL_PARAMS ) { STMTS },SKIP ::= SKIP,SKIP ::= SKIP,SKIP ::= SKIP,SKIP ::= SKIP,SKIP ::= SKIP,SKIP ::= SKIP,SKIP ::= SKIP,SKIP ::= SKIP,SKIP ::= SKIP,SKIP ::= SKIP,SKIP ::= SKIP,SKIP ::= SKIP,SKIP ::= SKIP,SKIP ::= SKIP,SKIP ::= SKIP,SKIP ::= SKIP,SKIP ::= SKIP,SKIP ::= SKIP,SKIP ::= SKIP,SKIP ::= SKIP,SKIP ::= SKIP,SKIP ::= SKIP,SKIP ::= SKIP,SKIP ::= SKIP,SKIP ::= SKIP,SKIP ::= SKIP,SKIP ::= SKIP,SKIP ::= SKIP,SKIP ::= SKIP,SKIP ::= SKIP,SKIP ::= SKIP,SKIP ::= SKIP
MORE_FUNCTIONS,SKIP ::= SKIP,SKIP ::= SKIP,SKIP ::= SKIP,SKIP ::= SKIP,SKIP ::= SKIP,SKIP ::= SKIP,MORE_FUNCTIONS ::= ssc,MORE_FUNCTIONS ::= FIRST_FUNCTION,MORE_FUNCTIONS ::= FIRST_FUNCTION,MORE_FUNCTIONS ::= FIRST_FUNCTION,MORE_FUNCTIONS ::= FIRST_FUNCTION,MORE_FUNCTIONS ::= FIRST_FUNCTION,SKIP ::= SKIP,SKIP ::= SKIP,SKIP ::= SKIP,SKIP ::= SKIP,SKIP ::= SKIP,SKIP ::= SKIP,SKIP ::= SKIP,SKIP ::= SKIP,SKIP ::= SKIP,SKIP ::= SKIP,SKIP ::= SKIP,SKIP ::= SKIP,SKIP ::= SKIP,SKIP ::= SKIP,SKIP ::= SKIP,SKIP ::= SKIP,SKIP ::= SKIP,SKIP ::= SKIP,SKIP ::= SKIP,SKIP ::= SKIP,SKIP ::= SKIP,SKIP ::= SKIP,SKIP ::= SKIP,SKIP ::= SKIP,SKIP ::= SKIP,SKIP ::= SKIP,SKIP ::= SKIP,SKIP ::= SKIP,SKIP ::= SKIP,SKIP ::= SKIP,SKIP ::= SKIP,SKIP ::= SKIP
MAIN,SYNCH ::= SYNCH,SKIP ::= SKIP,SKIP ::= SKIP,SKIP ::= SKIP,SKIP ::= SKIP,SKIP ::= SKIP,MAIN ::= main ( ) { STMTS },SKIP ::= SKIP,SKIP ::= SKIP,SKIP ::= SKIP,SKIP ::= SKIP,SKIP ::= SKIP,SKIP ::= SKIP,SKIP ::= SKIP,SKIP ::= SKIP,SKIP ::= SKIP,SKIP ::= SKIP,SKIP ::= SKIP,SKIP ::= SKIP,SKIP ::= SKIP,SKIP ::= SKIP,SKIP ::= SKIP,SKIP ::= SKIP,SKIP ::= SKIP,SKIP ::= SKIP,SKIP ::= SKIP,SKIP ::= SKIP,SKIP ::= SKIP,SKIP ::= SKIP,SKIP ::= SKIP,SKIP ::= SKIP,SKIP ::= SKIP,SKIP ::= SKIP,SKIP ::= SKIP,SKIP ::= SKIP,SKIP ::= SKIP,SKIP ::= SKIP,SKIP ::= SKIP,SKIP ::= SKIP,SKIP ::= SKIP,SKIP ::= SKIP,SKIP ::= SKIP,SKIP ::= SKIP,SKIP ::= SKIP
TYPE,SKIP ::= SKIP,SYNCH ::= SYNCH,SKIP ::= SKIP,SKIP ::= SKIP,SKIP ::= SKIP,SKIP ::= SKIP,SKIP ::= SKIP,TYPE ::= int,TYPE ::= float,TYPE ::= string,TYPE ::= char,TYPE ::= boolean,SKIP ::= SKIP,SKIP ::= SKIP,SKIP ::= SKIP,SKIP ::= SKIP,SKIP ::= SKIP,SKIP ::= SKIP,SKIP ::= SKIP,SKIP ::= SKIP,SKIP ::= SKIP,SKIP ::= SKIP,SKIP ::= SKIP,SKIP ::= SKIP,SKIP ::= SKIP,SKIP ::= SKIP,SKIP ::= SKIP,SKIP ::= SKIP,SKIP ::= SKIP,SKIP ::= SKIP,SKIP ::= SKIP,SKIP ::= SKIP,SKIP ::= SKIP,SKIP ::= SKIP,SKIP ::= SKIP,SKIP ::= SKIP,SKIP ::= SKIP,SKIP ::= SKIP,SKIP ::= SKIP,SKIP ::= SKIP,SKIP ::= SKIP,SKIP ::= SKIP,SKIP ::= SKIP,SKIP ::= SKIP
FORMAL_PARAMS,SKIP ::= SKIP,SKIP ::= SKIP,SKIP ::= SKIP,SYNCH ::= SYNCH,SKIP ::= SKIP,SKIP ::= SKIP,SKIP ::= SKIP,FORMAL_PARAMS ::= FORMAL_PARAMS_PRE FORMAL_PARAMS_POST,FORMAL_PARAMS ::= FORMAL_PARAMS_PRE FORMAL_PARAMS_POST,FORMAL_PARAMS ::= FORMAL_PARAMS_PRE FORMAL_PARAMS_POST,FORMAL_PARAMS ::= FORMAL_PARAMS_PRE FORMAL_PARAMS_POST,FORMAL_PARAMS ::= FORMAL_PARAMS_PRE FORMAL_PARAMS_POST,SKIP ::= SKIP,SKIP ::= SKIP,SKIP ::= SKIP,SKIP ::= SKIP,SKIP ::= SKIP,SKIP ::= SKIP,SKIP ::= SKIP,SKIP ::= SKIP,SKIP ::= SKIP,SKIP ::= SKIP,SKIP ::= SKIP,SKIP ::= SKIP,SKIP ::= SKIP,SKIP ::= SKIP,SKIP ::= SKIP,SKIP ::= SKIP,SKIP ::= SKIP,SKIP ::= SKIP,SKIP ::= SKIP,SKIP ::= SKIP,SKIP ::= SKIP,SKIP ::= SKIP,SKIP ::= SKIP,SKIP ::= SKIP,SKIP ::= SKIP,SKIP ::= SKIP,SKIP ::= SKIP,SKIP ::= SKIP,SKIP ::= SKIP,SKIP ::= SKIP,SKIP ::= SKIP,SKIP ::= SKIP
FORMAL_PARAMS_POST,SKIP ::= SKIP,SKIP ::= SKIP,SKIP ::= SKIP,FORMAL_PARAMS_POST ::= ssc,SKIP ::= SKIP,SKIP ::= SKIP,SKIP ::= SKIP,SKIP ::= SKIP,SKIP ::= SKIP,SKIP ::= SKIP,SKIP ::= SKIP,SKIP ::= SKIP,"FORMAL_PARAMS_POST ::= , FORMAL_PARAMS",SKIP ::= SKIP,SKIP ::= SKIP,SKIP ::= SKIP,SKIP ::= SKIP,SKIP ::= SKIP,SKIP ::= SKIP,SKIP ::= SKIP,SKIP ::= SKIP,SKIP ::= SKIP,SKIP ::= SKIP,SKIP ::= SKIP,SKIP ::= SKIP,SKIP ::= SKIP,SKIP ::= SKIP,SKIP ::= SKIP,SKIP ::= SKIP,SKIP ::= SKIP,SKIP ::= SKIP,SKIP ::= SKIP,SKIP ::= SKIP,SKIP ::= SKIP,SKIP ::= SKIP,SKIP ::= SKIP,SKIP ::= SKIP,SKIP ::= SKIP,SKIP ::= SKIP,SKIP ::= SKIP,SKIP ::= SKIP,SKIP ::= SKIP,SKIP ::= SKIP,SKIP ::= SKIP
FORMAL_PARAMS_PRE,SKIP ::= SKIP,SKIP ::= SKIP,SKIP ::= SKIP,SYNCH ::= SYNCH,SKIP ::= SKIP,SKIP ::= SKIP,SKIP ::= SKIP,FORMAL_PARAMS_PRE ::= TYPE id,FORMAL_PARAMS_PRE ::= TYPE id,FORMAL_PARAMS_PRE ::= TYPE id,FORMAL_PARAMS_PRE ::= TYPE id,FORMAL_PARAMS_PRE ::= TYPE id,SYNCH ::= SYNCH,SKIP ::= SKIP,SKIP ::= SKIP,SKIP ::= SKIP,SKIP ::= SKIP,SKIP ::= SKIP,SKIP ::= SKIP,SKIP ::= SKIP,SKIP ::= SKIP,SKIP ::= SKIP,SKIP ::= SKIP,SKIP ::= SKIP,SKIP ::= SKIP,SKIP ::= SKIP,SKIP ::= SKIP,SKIP ::= SKIP,SKIP ::= SKIP,SKIP ::= SKIP,SKIP ::= SKIP,SKIP ::= SKIP,SKIP ::= SKIP,SKIP ::= SKIP,SKIP ::= SKIP,SKIP ::= SKIP,SKIP ::= SKIP,SKIP ::= SKIP,SKIP ::= SKIP,SKIP ::= SKIP,SKIP ::= SKIP,SKIP ::= SKIP,SKIP ::= SKIP,SKIP ::= SKIP
STMTS,SKIP ::= SKIP,STMTS ::= STMT_PRE STMT_POST,SKIP ::= SKIP,SKIP ::= SKIP,SKIP ::= SKIP,SYNCH ::= SYNCH,SKIP ::= SKIP,STMTS ::= STMT_PRE STMT_POST,STMTS ::= STMT_PRE STMT_POST,STMTS ::= STMT_PRE STMT_POST,STMTS ::= STMT_PRE STMT_POST,STMTS ::= STMT_PRE STMT_POST,SKIP ::= SKIP,SKIP ::= SKIP,STMTS ::= STMT_PRE STMT_POST,STMTS ::= STMT_PRE STMT_POST,STMTS ::= STMT_PRE STMT_POST,SKIP ::= SKIP,STMTS ::= STMT_PRE STMT_POST,STMTS ::= STMT_PRE STMT_POST,STMTS ::= STMT_PRE STMT_POST,SKIP ::= SKIP,SKIP ::= SKIP,SKIP ::= SKIP,SKIP ::= SKIP,SKIP ::= SKIP,SKIP ::= SKIP,SKIP ::= SKIP,SKIP ::= SKIP,SKIP ::= SKIP,SKIP ::= SKIP,SKIP ::= SKIP,SKIP ::= SKIP,SKIP ::= SKIP,SKIP ::= SKIP,SKIP ::= SKIP,SKIP ::= SKIP,SKIP ::= SKIP,SKIP ::= SKIP,SKIP ::= SKIP,SKIP ::= SKIP,SKIP ::= SKIP,SKIP ::= SKIP,SKIP ::= SKIP
STMT_PRE,SKIP ::= SKIP,STMT_PRE ::= STMT ;,SKIP ::= SKIP,SKIP ::= SKIP,SKIP ::= SKIP,SYNCH ::= SYNCH,SKIP ::= SKIP,STMT_PRE ::= STMT ;,STMT_PRE ::= STMT ;,STMT_PRE ::= STMT ;,STMT_PRE ::= STMT ;,STMT_PRE ::= STMT ;,SKIP ::= SKIP,SKIP ::= SKIP,STMT_PRE ::= STMT ;,STMT_PRE ::= STMT ;,STMT_PRE ::= STMT ;,SKIP ::= SKIP,STMT_PRE ::= STMT ;,STMT_PRE ::= STMT ;,STMT_PRE ::= STMT ;,SKIP ::= SKIP,SKIP ::= SKIP,SKIP ::= SKIP,SKIP ::= SKIP,SKIP ::= SKIP,SKIP ::= SKIP,SKIP ::= SKIP,SKIP ::= SKIP,SKIP ::= SKIP,SKIP ::= SKIP,SKIP ::= SKIP,SKIP ::= SKIP,SKIP ::= SKIP,SKIP ::= SKIP,SKIP ::= SKIP,SKIP ::= SKIP,SKIP ::= SKIP,SKIP ::= SKIP,SKIP ::= SKIP,SKIP ::= SKIP,SKIP ::= SKIP,SKIP ::= SKIP,SKIP ::= SKIP
STMT_POST,SKIP ::= SKIP,STMT_POST ::= STMTS,SKIP ::= SKIP,SKIP ::= SKIP,SKIP ::= SKIP,STMT_POST ::= ssc,SKIP ::= SKIP,STMT_POST ::= STMTS,STMT_POST ::= STMTS,STMT_POST ::= STMTS,STMT_POST ::= STMTS,STMT_POST ::= STMTS,SKIP ::= SKIP,SKIP ::= SKIP,STMT_POST ::= STMTS,STMT_POST ::= STMTS,STMT_POST ::= STMTS,SKIP ::= SKIP,STMT_POST ::= STMTS,STMT_POST ::= STMTS,STMT_POST ::= STMTS,SKIP ::= SKIP,SKIP ::= SKIP,SKIP ::= SKIP,SKIP ::= SKIP,SKIP ::= SKIP,SKIP ::= SKIP,SKIP ::= SKIP,SKIP ::= SKIP,SKIP ::= SKIP,SKIP ::= SKIP,SKIP ::= SKIP,SKIP ::= SKIP,SKIP ::= SKIP,SKIP ::= SKIP,SKIP ::= SKIP,SKIP ::= SKIP,SKIP ::= SKIP,SKIP ::= SKIP,SKIP ::= SKIP,SKIP ::= SKIP,SKIP ::= SKIP,SKIP ::= SKIP,SKIP ::= SKIP
STMT,SKIP ::= SKIP,STMT ::= id = POS_4,SKIP ::= SKIP,SKIP ::= SKIP,SKIP ::= SKIP,SKIP ::= SKIP,SKIP ::= SKIP,STMT ::= TYPE id POS_3,STMT ::= TYPE id POS_3,STMT ::= TYPE id POS_3,STMT ::= TYPE id POS_3,STMT ::= TYPE id POS_3,SKIP ::= SKIP,SYNCH ::= SYNCH,STMT ::= input ( id ),STMT ::= print ( PRINT_POST,STMT ::= return RETURN_POST,SKIP ::= SKIP,STMT ::= CONDITION_ST,STMT ::= CONDITION_ST,STMT ::= LOOP_ST,SKIP ::= SKIP,SKIP ::= SKIP,SKIP ::= SKIP,SKIP ::= SKIP,SKIP ::= SKIP,SKIP ::= SKIP,SKIP ::= SKIP,SKIP ::= SKIP,SKIP ::= SKIP,SKIP ::= SKIP,SKIP ::= SKIP,SKIP ::= SKIP,SKIP ::= SKIP,SKIP ::= SKIP,SKIP ::= SKIP,SKIP ::= SKIP,SKIP ::= SKIP,SKIP ::= SKIP,SKIP ::= SKIP,SKIP ::= SKIP,SKIP ::= SKIP,SKIP ::= SKIP,SKIP ::= SKIP
PRINT_POST,SKIP ::= SKIP,PRINT_POST ::= id ),SKIP ::= SKIP,SKIP ::= SKIP,SKIP ::= SKIP,SKIP ::= SKIP,SKIP ::= SKIP,SKIP ::= SKIP,SKIP ::= SKIP,SKIP ::= SKIP,SKIP ::= SKIP,SKIP ::= SKIP,SKIP ::= SKIP,SYNCH ::= SYNCH,SKIP ::= SKIP,SKIP ::= SKIP,SKIP ::= SKIP,SKIP ::= SKIP,SKIP ::= SKIP,SKIP ::= SKIP,SKIP ::= SKIP,PRINT_POST ::= LITERAL ),PRINT_POST ::= LITERAL ),PRINT_POST ::= LITERAL ),PRINT_POST ::= LITERAL ),PRINT_POST ::= LITERAL ),PRINT_POST ::= LITERAL ),SKIP ::= SKIP,SKIP ::= SKIP,SKIP ::= SKIP,SKIP ::= SKIP,SKIP ::= SKIP,SKIP ::= SKIP,SKIP ::= SKIP,SKIP ::= SKIP,SKIP ::= SKIP,SKIP ::= SKIP,SKIP ::= SKIP,SKIP ::= SKIP,SKIP ::= SKIP,SKIP ::= SKIP,SKIP ::= SKIP,SKIP ::= SKIP,SKIP ::= SKIP
RETURN_POST,SKIP ::= SKIP,RETURN_POST ::= id,SKIP ::= SKIP,SKIP ::= SKIP,SKIP ::= SKIP,SKIP ::= SKIP,SKIP ::= SKIP,SKIP ::= SKIP,SKIP ::= SKIP,SKIP ::= SKIP,SKIP ::= SKIP,SKIP ::= SKIP,SKIP ::= SKIP,SYNCH ::= SYNCH,SKIP ::= SKIP,SKIP ::= SKIP,SKIP ::= SKIP,SKIP ::= SKIP,SKIP ::= SKIP,SKIP ::= SKIP,SKIP ::= SKIP,RETURN_POST ::= LITERAL,RETURN_POST ::= LITERAL,RETURN_POST ::= LITERAL,RETURN_POST ::= LITERAL,RETURN_POST ::= LITERAL,RETURN_POST ::= LITERAL,SKIP ::= SKIP,SKIP ::= SKIP,SKIP ::= SKIP,SKIP ::= SKIP,SKIP ::= SKIP,SKIP ::= SKIP,SKIP ::= SKIP,SKIP ::= SKIP,SKIP ::= SKIP,SKIP ::= SKIP,SKIP ::= SKIP,SKIP ::= SKIP,SKIP ::= SKIP,SKIP ::= SKIP,SKIP ::= SKIP,SKIP ::= SKIP,SKIP ::= SKIP
POS_3,SKIP ::= SKIP,SKIP ::= SKIP,SKIP ::= SKIP,SKIP ::= SKIP,SKIP ::= SKIP,SKIP ::= SKIP,SKIP ::= SKIP,SKIP ::= SKIP,SKIP ::= SKIP,SKIP ::= SKIP,SKIP ::= SKIP,SKIP ::= SKIP,POS_3 ::= VARLIST_POST,POS_3 ::= VARLIST_POST,SKIP ::= SKIP,SKIP ::= SKIP,SKIP ::= SKIP,POS_3 ::= = POS_4,SKIP ::= SKIP,SKIP ::= SKIP,SKIP ::= SKIP,SKIP ::= SKIP,SKIP ::= SKIP,SKIP ::= SKIP,SKIP ::= SKIP,SKIP ::= SKIP,SKIP ::= SKIP,SKIP ::= SKIP,SKIP ::= SKIP,SKIP ::= SKIP,SKIP ::= SKIP,SKIP ::= SKIP,SKIP ::= SKIP,SKIP ::= SKIP,SKIP ::= SKIP,SKIP ::= SKIP,SKIP ::= SKIP,SKIP ::= SKIP,SKIP ::= SKIP,SKIP ::= SKIP,SKIP ::= SKIP,SKIP ::= SKIP,SKIP ::= SKIP,SKIP ::= SKIP
POS_4,SKIP ::= SKIP,POS_4 ::= EXPR,POS_4 ::= EXPR,SKIP ::= SKIP,SKIP ::= SKIP,SKIP ::= SKIP,SKIP ::= SKIP,SKIP ::= SKIP,SKIP ::= SKIP,SKIP ::= SKIP,SKIP ::= SKIP,SKIP ::= SKIP,SKIP ::= SKIP,SYNCH ::= SYNCH,SKIP ::= SKIP,SKIP ::= SKIP,POS_4 ::= return id ( POS_5,SKIP ::= SKIP,SKIP ::= SKIP,SKIP ::= SKIP,SKIP ::= SKIP,POS_4 ::= EXPR,POS_4 ::= EXPR,POS_4 ::= EXPR,POS_4 ::= EXPR,POS_4 ::= EXPR,POS_4 ::= EXPR,SKIP ::= SKIP,SKIP ::= SKIP,SKIP ::= SKIP,SKIP ::= SKIP,SKIP ::= SKIP,SKIP ::= SKIP,SKIP ::= SKIP,SKIP ::= SKIP,POS_4 ::= EXPR,SKIP ::= SKIP,SKIP ::= SKIP,SKIP ::= SKIP,SKIP ::= SKIP,SKIP ::= SKIP,SKIP ::= SKIP,SKIP ::= SKIP,SKIP ::= SKIP
POS_5,SKIP ::= SKIP,POS_5 ::= ACTUAL_PARAMS ),SKIP ::= SKIP,POS_5 ::= ),SKIP ::= SKIP,SKIP ::= SKIP,SKIP ::= SKIP,SKIP ::= SKIP,SKIP ::= SKIP,SKIP ::= SKIP,SKIP ::= SKIP,SKIP ::= SKIP,SKIP ::= SKIP,SYNCH ::= SYNCH,SKIP ::= SKIP,SKIP ::= SKIP,SKIP ::= SKIP,SKIP ::= SKIP,SKIP ::= SKIP,SKIP ::= SKIP,SKIP ::= SKIP,POS_5 ::= ACTUAL_PARAMS ),POS_5 ::= ACTUAL_PARAMS ),POS_5 ::= ACTUAL_PARAMS ),POS_5 ::= ACTUAL_PARAMS ),POS_5 ::= ACTUAL_PARAMS ),POS_5 ::= ACTUAL_PARAMS ),SKIP ::= SKIP,SKIP ::= SKIP,SKIP ::= SKIP,SKIP ::= SKIP,SKIP ::= SKIP,SKIP ::= SKIP,SKIP ::= SKIP,SKIP ::= SKIP,SKIP ::= SKIP,SKIP ::= SKIP,SKIP ::= SKIP,SKIP ::= SKIP,SKIP ::= SKIP,SKIP ::= SKIP,SKIP ::= SKIP,SKIP ::= SKIP,SKIP ::= SKIP
ACTUAL_PARAMS,SKIP ::= SKIP,ACTUAL_PARAMS ::= ACTUAL_PARAMS_PRE ACTUAL_PARAMS_POST,SKIP ::= SKIP,SYNCH ::= SYNCH,SKIP ::= SKIP,SKIP ::= SKIP,SKIP ::= SKIP,SKIP ::= SKIP,SKIP ::= SKIP,SKIP ::= SKIP,SKIP ::= SKIP,SKIP ::= SKIP,SKIP ::= SKIP,SKIP ::= SKIP,SKIP ::= SKIP,SKIP ::= SKIP,SKIP ::= SKIP,SKIP ::= SKIP,SKIP ::= SKIP,SKIP ::= SKIP,SKIP ::= SKIP,ACTUAL_PARAMS ::= ACTUAL_PARAMS_PRE ACTUAL_PARAMS_POST,ACTUAL_PARAMS ::= ACTUAL_PARAMS_PRE ACTUAL_PARAMS_POST,ACTUAL_PARAMS ::= ACTUAL_PARAMS_PRE ACTUAL_PARAMS_POST,ACTUAL_PARAMS ::= ACTUAL_PARAMS_PRE ACTUAL_PARAMS_POST,ACTUAL_PARAMS ::= ACTUAL_PARAMS_PRE ACTUAL_PARAMS_POST,ACTUAL_PARAMS ::= ACTUAL_PARAMS_PRE ACTUAL_PARAMS_POST,SKIP ::= SKIP,SKIP ::= SKIP,SKIP ::= SKIP,SKIP ::= SKIP,SKIP ::= SKIP,SKIP ::= SKIP,SKIP ::= SKIP,SKIP ::= SKIP,SKIP ::= SKIP,SKIP ::= SKIP,SKIP ::= SKIP,SKIP ::= SKIP,SKIP ::= SKIP,SKIP ::= SKIP,SKIP ::= SKIP,SKIP ::= SKIP,SKIP ::= SKIP
ACTUAL_PARAMS_PRE,SKIP ::= SKIP,ACTUAL_PARAMS_PRE ::= id,SKIP ::= SKIP,SYNCH ::= SYNCH,SKIP ::= SKIP,SKIP ::= SKIP,SKIP ::= SKIP,SKIP ::= SKIP,SKIP ::= SKIP,SKIP ::= SKIP,SKIP ::= SKIP,SKIP ::= SKIP,SYNCH ::= SYNCH,SKIP ::= SKIP,SKIP ::= SKIP,SKIP ::= SKIP,SKIP ::= SKIP,SKIP ::= SKIP,SKIP ::= SKIP,SKIP ::= SKIP,SKIP ::= SKIP,ACTUAL_PARAMS_PRE ::= LITERAL,ACTUAL_PARAMS_PRE ::= LITERAL,ACTUAL_PARAMS_PRE ::= LITERAL,ACTUAL_PARAMS_PRE ::= LITERAL,ACTUAL_PARAMS_PRE ::= LITERAL,ACTUAL_PARAMS_PRE ::= LITERAL,SKIP ::= SKIP,SKIP ::= SKIP,SKIP ::= SKIP,SKIP ::= SKIP,SKIP ::= SKIP,SKIP ::= SKIP,SKIP ::= SKIP,SKIP ::= SKIP,SKIP ::= SKIP,SKIP ::= SKIP,SKIP ::= SKIP,SKIP ::= SKIP,SKIP ::= SKIP,SKIP ::= SKIP,SKIP ::= SKIP,SKIP ::= SKIP,SKIP ::= SKIP
ACTUAL_PARAMS_POST,SKIP ::= SKIP,SKIP ::= SKIP,SKIP ::= SKIP,ACTUAL_PARAMS_POST ::= ssc,SKIP ::= SKIP,SKIP ::= SKIP,SKIP ::= SKIP,SKIP ::= SKIP,SKIP ::= SKIP,SKIP ::= SKIP,SKIP ::= SKIP,SKIP ::= SKIP,"ACTUAL_PARAMS_POST ::= , ACTUAL_PARAMS",SKIP ::= SKIP,SKIP ::= SKIP,SKIP ::= SKIP,SKIP ::= SKIP,SKIP ::= SKIP,SKIP ::= SKIP,SKIP ::= SKIP,SKIP ::= SKIP,SKIP ::= SKIP,SKIP ::= SKIP,SKIP ::= SKIP,SKIP ::= SKIP,SKIP ::= SKIP,SKIP ::= SKIP,SKIP ::= SKIP,SKIP ::= SKIP,SKIP ::= SKIP,SKIP ::= SKIP,SKIP ::= SKIP,SKIP ::= SKIP,SKIP ::= SKIP,SKIP ::= SKIP,SKIP ::= SKIP,SKIP ::= SKIP,SKIP ::= SKIP,SKIP ::= SKIP,SKIP ::= SKIP,SKIP ::= SKIP,SKIP ::= SKIP,SKIP ::= SKIP,SKIP ::= SKIP
VARLIST_POST,SKIP ::= SKIP,SKIP ::= SKIP,SKIP ::= SKIP,SKIP ::= SKIP,SKIP ::= SKIP,SKIP ::= SKIP,SKIP ::= SKIP,SKIP ::= SKIP,SKIP ::= SKIP,SKIP ::= SKIP,SKIP ::= SKIP,SKIP ::= SKIP,"VARLIST_POST ::= , id VARLIST_POST",VARLIST_POST ::= ssc,SKIP ::= SKIP,SKIP ::= SKIP,SKIP ::= SKIP,SKIP ::= SKIP,SKIP ::= SKIP,SKIP ::= SKIP,SKIP ::= SKIP,SKIP ::= SKIP,SKIP ::= SKIP,SKIP ::= SKIP,SKIP ::= SKIP,SKIP ::= SKIP,SKIP ::= SKIP,SKIP ::= SKIP,SKIP ::= SKIP,SKIP ::= SKIP,SKIP ::= SKIP,SKIP ::= SKIP,SKIP ::= SKIP,SKIP ::= SKIP,SKIP ::= SKIP,SKIP ::= SKIP,SKIP ::= SKIP,SKIP ::= SKIP,SKIP ::= SKIP,SKIP ::= SKIP,SKIP ::= SKIP,SKIP ::= SKIP,SKIP ::= SKIP,SKIP ::= SKIP
CONDITION_ST,SKIP ::= SKIP,SKIP ::= SKIP,SKIP ::= SKIP,SKIP ::= SKIP,SKIP ::= SKIP,SKIP ::= SKIP,SKIP ::= SKIP,SKIP ::= SKIP,SKIP ::= SKIP,SKIP ::= SKIP,SKIP ::= SKIP,SKIP ::= SKIP,SKIP ::= SKIP,SYNCH ::= SYNCH,SKIP ::= SKIP,SKIP ::= SKIP,SKIP ::= SKIP,SKIP ::= SKIP,CONDITION_ST ::= if ( RELN_EXPR ) { STMTS },CONDITION_ST ::= ifel ( RELN_EXPR ) { STMTS } { STMTS },SKIP ::= SKIP,SKIP ::= SKIP,SKIP ::= SKIP,SKIP ::= SKIP,SKIP ::= SKIP,SKIP ::= SKIP,SKIP ::= SKIP,SKIP ::= SKIP,SKIP ::= SKIP,SKIP ::= SKIP,SKIP ::= SKIP,SKIP ::= SKIP,SKIP ::= SKIP,SKIP ::= SKIP,SKIP ::= SKIP,SKIP ::= SKIP,SKIP ::= SKIP,SKIP ::= SKIP,SKIP ::= SKIP,SKIP ::= SKIP,SKIP ::= SKIP,SKIP ::= SKIP,SKIP ::= SKIP,SKIP ::= SKIP
LOOP_ST,SKIP ::= SKIP,SKIP ::= SKIP,SKIP ::= SKIP,SKIP ::= SKIP,SKIP ::= SKIP,SKIP ::= SKIP,SKIP ::= SKIP,SKIP ::= SKIP,SKIP ::= SKIP,SKIP ::= SKIP,SKIP ::= SKIP,SKIP ::= SKIP,SKIP ::= SKIP,SYNCH ::= SYNCH,SKIP ::= SKIP,SKIP ::= SKIP,SKIP ::= SKIP,SKIP ::= SKIP,SKIP ::= SKIP,SKIP ::= SKIP,LOOP_ST ::= while ( RELN_EXPR ) { STMTS },SKIP ::= SKIP,SKIP ::= SKIP,SKIP ::= SKIP,SKIP ::= SKIP,SKIP ::= SKIP,SKIP ::= SKIP,SKIP ::= SKIP,SKIP ::= SKIP,SKIP ::= SKIP,SKIP ::= SKIP,SKIP ::= SKIP,SKIP ::= SKIP,SKIP ::= SKIP,SKIP ::= SKIP,SKIP ::= SKIP,SKIP ::= SKIP,SKIP ::= SKIP,SKIP ::= SKIP,SKIP ::= SKIP,SKIP ::= SKIP,SKIP ::= SKIP,SKIP ::= SKIP,SKIP ::= SKIP
LITERAL,SKIP ::= SKIP,SKIP ::= SKIP,SKIP ::= SKIP,SYNCH ::= SYNCH,SKIP ::= SKIP,SKIP ::= SKIP,SKIP ::= SKIP,SKIP ::= SKIP,SKIP ::= SKIP,SKIP ::= SKIP,SKIP ::= SKIP,SKIP ::= SKIP,SYNCH ::= SYNCH,SYNCH ::= SYNCH,SKIP ::= SKIP,SKIP ::= SKIP,SKIP ::= SKIP,SKIP ::= SKIP,SKIP ::= SKIP,SKIP ::= SKIP,SKIP ::= SKIP,LITERAL ::= int_literal,LITERAL ::= float_literal,LITERAL ::= char_literal,LITERAL ::= string_literal,LITERAL ::= BOOL_LITERAL,LITERAL ::= BOOL_LITERAL,SYNCH ::= SYNCH,SYNCH ::= SYNCH,SYNCH ::= SYNCH,SYNCH ::= SYNCH,SYNCH ::= SYNCH,SYNCH ::= SYNCH,SYNCH ::= SYNCH,SYNCH ::= SYNCH,SKIP ::= SKIP,SYNCH ::= SYNCH,SYNCH ::= SYNCH,SYNCH ::= SYNCH,SYNCH ::= SYNCH,SYNCH ::= SYNCH,SYNCH ::= SYNCH,SYNCH ::= SYNCH,SYNCH ::= SYNCH
BOOL_LITERAL,SKIP ::= SKIP,SKIP ::= SKIP,SKIP ::= SKIP,SYNCH ::= SYNCH,SKIP ::= SKIP,SKIP ::= SKIP,SKIP ::= SKIP,SKIP ::= SKIP,SKIP ::= SKIP,SKIP ::= SKIP,SKIP ::= SKIP,SKIP ::= SKIP,SYNCH ::= SYNCH,SYNCH ::= SYNCH,SKIP ::= SKIP,SKIP ::= SKIP,SKIP ::= SKIP,SKIP ::= SKIP,SKIP ::= SKIP,SKIP ::= SKIP,SKIP ::= SKIP,SKIP ::= SKIP,SKIP ::= SKIP,SKIP ::= SKIP,SKIP ::= SKIP,BOOL_LITERAL ::= true,BOOL_LITERAL ::= false,SYNCH ::= SYNCH,SYNCH ::= SYNCH,SYNCH ::= SYNCH,SYNCH ::= SYNCH,SYNCH ::= SYNCH,SYNCH ::= SYNCH,SYNCH ::= SYNCH,SYNCH ::= SYNCH,SKIP ::= SKIP,SYNCH ::= SYNCH,SYNCH ::= SYNCH,SYNCH ::= SYNCH,SYNCH ::= SYNCH,SYNCH ::= SYNCH,SYNCH ::= SYNCH,SYNCH ::= SYNCH,SYNCH ::= SYNCH
REL_OP,SKIP ::= SKIP,SYNCH ::= SYNCH,SYNCH ::= SYNCH,SKIP ::= SKIP,SKIP ::= SKIP,SKIP ::= SKIP,SKIP ::= SKIP,SKIP ::= SKIP,SKIP ::= SKIP,SKIP ::= SKIP,SKIP ::= SKIP,SKIP ::= SKIP,SKIP ::= SKIP,SKIP ::= SKIP,SKIP ::= SKIP,SKIP ::= SKIP,SKIP ::= SKIP,SKIP ::= SKIP,SKIP ::= SKIP,SKIP ::= SKIP,SKIP ::= SKIP,SYNCH ::= SYNCH,SYNCH ::= SYNCH,SYNCH ::= SYNCH,SYNCH ::= SYNCH,SYNCH ::= SYNCH,SYNCH ::= SYNCH,REL_OP ::= less_op,REL_OP ::= greater_op,REL_OP ::= less_eq_op,REL_OP ::= greater_eq_op,REL_OP ::= eq_eq_op,REL_OP ::= not_eq_op,SKIP ::= SKIP,SKIP ::= SKIP,SYNCH ::= SYNCH,SKIP ::= SKIP,SKIP ::= SKIP,SKIP ::= SKIP,SKIP ::= SKIP,SKIP ::= SKIP,SKIP ::= SKIP,SKIP ::= SKIP,SKIP ::= SKIP
LOG_OP,SKIP ::= SKIP,SYNCH ::= SYNCH,SYNCH ::= SYNCH,SKIP ::= SKIP,SKIP ::= SKIP,SKIP ::= SKIP,SKIP ::= SKIP,SKIP ::= SKIP,SKIP ::= SKIP,SKIP ::= SKIP,SKIP ::= SKIP,SKIP ::= SKIP,SKIP ::= SKIP,SKIP ::= SKIP,SKIP ::= SKIP,SKIP ::= SKIP,SKIP ::= SKIP,SKIP ::= SKIP,SKIP ::= SKIP,SKIP ::= SKIP,SKIP ::= SKIP,SYNCH ::= SYNCH,SYNCH ::= SYNCH,SYNCH ::= SYNCH,SYNCH ::= SYNCH,SYNCH ::= SYNCH,SYNCH ::= SYNCH,SKIP ::= SKIP,SKIP ::= SKIP,SKIP ::= SKIP,SKIP ::= SKIP,SKIP ::= SKIP,SKIP ::= SKIP,LOG_OP ::= logical_and,LOG_OP ::= logical_or,SYNCH ::= SYNCH,SKIP ::= SKIP,SKIP ::= SKIP,SKIP ::= SKIP,SKIP ::= SKIP,SKIP ::= SKIP,SKIP ::= SKIP,SKIP ::= SKIP,SKIP ::= SKIP
RELN_EXPR,SKIP ::= SKIP,RELN_EXPR ::= EXPR REL_OP EXPR RELN_EXPR',RELN_EXPR ::= EXPR REL_OP EXPR RELN_EXPR',SYNCH ::= SYNCH,SKIP ::= SKIP,SKIP ::= SKIP,SKIP ::= SKIP,SKIP ::= SKIP,SKIP ::= SKIP,SKIP ::= SKIP,SKIP ::= SKIP,SKIP ::= SKIP,SKIP ::= SKIP,SKIP ::= SKIP,SKIP ::= SKIP,SKIP ::= SKIP,SKIP ::= SKIP,SKIP ::= SKIP,SKIP ::= SKIP,SKIP ::= SKIP,SKIP ::= SKIP,RELN_EXPR ::= EXPR REL_OP EXPR RELN_EXPR',RELN_EXPR ::= EXPR REL_OP EXPR RELN_EXPR',RELN_EXPR ::= EXPR REL_OP EXPR RELN_EXPR',RELN_EXPR ::= EXPR REL_OP EXPR RELN_EXPR',RELN_EXPR ::= EXPR REL_OP EXPR RELN_EXPR',RELN_EXPR ::= EXPR REL_OP EXPR RELN_EXPR',SKIP ::= SKIP,SKIP ::= SKIP,SKIP ::= SKIP,SKIP ::= SKIP,SKIP ::= SKIP,SKIP ::= SKIP,SKIP ::= SKIP,SKIP ::= SKIP,RELN_EXPR ::= EXPR REL_OP EXPR RELN_EXPR',SKIP ::= SKIP,SKIP ::= SKIP,SKIP ::= SKIP,SKIP ::= SKIP,SKIP ::= SKIP,SKIP ::= SKIP,SKIP ::= SKIP,SKIP ::= SKIP
RELN_EXPR',SKIP ::= SKIP,SKIP ::= SKIP,SKIP ::= SKIP,RELN_EXPR' ::= ssc,SKIP ::= SKIP,SKIP ::= SKIP,SKIP ::= SKIP,SKIP ::= SKIP,SKIP ::= SKIP,SKIP ::= SKIP,SKIP ::= SKIP,SKIP ::= SKIP,SKIP ::= SKIP,SKIP ::= SKIP,SKIP ::= SKIP,SKIP ::= SKIP,SKIP ::= SKIP,SKIP ::= SKIP,SKIP ::= SKIP,SKIP ::= SKIP,SKIP ::= SKIP,SKIP ::= SKIP,SKIP ::= SKIP,SKIP ::= SKIP,SKIP ::= SKIP,SKIP ::= SKIP,SKIP ::= SKIP,SKIP ::= SKIP,SKIP ::= SKIP,SKIP ::= SKIP,SKIP ::= SKIP,SKIP ::= SKIP,SKIP ::= SKIP,RELN_EXPR' ::= LOG_OP RELN_EXPR,RELN_EXPR' ::= LOG_OP RELN_EXPR,SKIP ::= SKIP,SKIP ::= SKIP,SKIP ::= SKIP,SKIP ::= SKIP,SKIP ::= SKIP,SKIP ::= SKIP,SKIP ::= SKIP,SKIP ::= SKIP,SKIP ::= SKIP
EXPR,SKIP ::= SKIP,EXPR ::= TERM EXPR',EXPR ::= TERM EXPR',SYNCH ::= SYNCH,SKIP ::= SKIP,SKIP ::= SKIP,SKIP ::= SKIP,SKIP ::= SKIP,SKIP ::= SKIP,SKIP ::= SKIP,SKIP ::= SKIP,SKIP ::= SKIP,SKIP ::= SKIP,SYNCH ::= SYNCH,SKIP ::= SKIP,SKIP ::= SKIP,SKIP ::= SKIP,SKIP ::= SKIP,SKIP ::= SKIP,SKIP ::= SKIP,SKIP ::= SKIP,EXPR ::= TERM EXPR',EXPR ::= TERM EXPR',EXPR ::= TERM EXPR',EXPR ::= TERM EXPR',EXPR ::= TERM EXPR',EXPR ::= TERM EXPR',SYNCH ::= SYNCH,SYNCH ::= SYNCH,SYNCH ::= SYNCH,SYNCH ::= SYNCH,SYNCH ::= SYNCH,SYNCH ::= SYNCH,SYNCH ::= SYNCH,SYNCH ::= SYNCH,EXPR ::= ! EXPR,SKIP ::= SKIP,SKIP ::= SKIP,SKIP ::= SKIP,SKIP ::= SKIP,SKIP ::= SKIP,SKIP ::= SKIP,SKIP ::= SKIP,SKIP ::= SKIP
EXPR',SKIP ::= SKIP,SKIP ::= SKIP,SKIP ::= SKIP,EXPR' ::= ssc,SKIP ::= SKIP,SKIP ::= SKIP,SKIP ::= SKIP,SKIP ::= SKIP,SKIP ::= SKIP,SKIP ::= SKIP,SKIP ::= SKIP,SKIP ::= SKIP,SKIP ::= SKIP,EXPR' ::= ssc,SKIP ::= SKIP,SKIP ::= SKIP,SKIP ::= SKIP,SKIP ::= SKIP,SKIP ::= SKIP,SKIP ::= SKIP,SKIP ::= SKIP,SKIP ::= SKIP,SKIP ::= SKIP,SKIP ::= SKIP,SKIP ::= SKIP,SKIP ::= SKIP,SKIP ::= SKIP,EXPR' ::= ssc,EXPR' ::= ssc,EXPR' ::= ssc,EXPR' ::= ssc,EXPR' ::= ssc,EXPR' ::= ssc,EXPR' ::= ssc,EXPR' ::= ssc,SKIP ::= SKIP,EXPR' ::= + TERM EXPR',EXPR' ::= - TERM EXPR',EXPR' ::= ^ TERM EXPR',EXPR' ::= & TERM EXPR',EXPR' ::= | TERM EXPR',SKIP ::= SKIP,SKIP ::= SKIP,SKIP ::= SKIP
TERM,SKIP ::= SKIP,TERM ::= FACTOR TERM',TERM ::= ( EXPR ) TERM',SYNCH ::= SYNCH,SKIP ::= SKIP,SKIP ::= SKIP,SKIP ::= SKIP,SKIP ::= SKIP,SKIP ::= SKIP,SKIP ::= SKIP,SKIP ::= SKIP,SKIP ::= SKIP,SKIP ::= SKIP,SYNCH ::= SYNCH,SKIP ::= SKIP,SKIP ::= SKIP,SKIP ::= SKIP,SKIP ::= SKIP,SKIP ::= SKIP,SKIP ::= SKIP,SKIP ::= SKIP,TERM ::= FACTOR TERM',TERM ::= FACTOR TERM',TERM ::= FACTOR TERM',TERM ::= FACTOR TERM',TERM ::= FACTOR TERM',TERM ::= FACTOR TERM',SYNCH ::= SYNCH,SYNCH ::= SYNCH,SYNCH ::= SYNCH,SYNCH ::= SYNCH,SYNCH ::= SYNCH,SYNCH ::= SYNCH,SYNCH ::= SYNCH,SYNCH ::= SYNCH,SKIP ::= SKIP,SYNCH ::= SYNCH,SYNCH ::= SYNCH,SYNCH ::= SYNCH,SYNCH ::= SYNCH,SYNCH ::= SYNCH,SKIP ::= SKIP,SKIP ::= SKIP,SKIP ::= SKIP
TERM',SKIP ::= SKIP,SKIP ::= SKIP,SKIP ::= SKIP,TERM' ::= ssc,SKIP ::= SKIP,SKIP ::= SKIP,SKIP ::= SKIP,SKIP ::= SKIP,SKIP ::= SKIP,SKIP ::= SKIP,SKIP ::= SKIP,SKIP ::= SKIP,SKIP ::= SKIP,TERM' ::= ssc,SKIP ::= SKIP,SKIP ::= SKIP,SKIP ::= SKIP,SKIP ::= SKIP,SKIP ::= SKIP,SKIP ::= SKIP,SKIP ::= SKIP,SKIP ::= SKIP,SKIP ::= SKIP,SKIP ::= SKIP,SKIP ::= SKIP,SKIP ::= SKIP,SKIP ::= SKIP,TERM' ::= ssc,TERM' ::= ssc,TERM' ::= ssc,TERM' ::= ssc,TERM' ::= ssc,TERM' ::= ssc,TERM' ::= ssc,TERM' ::= ssc,SKIP ::= SKIP,TERM' ::= ssc,TERM' ::= ssc,TERM' ::= ssc,TERM' ::= ssc,TERM' ::= ssc,TERM' ::= * FACTOR TERM',TERM' ::= / FACTOR TERM',TERM' ::= % FACTOR TERM'
FACTOR,SKIP ::= SKIP,FACTOR ::= id,SKIP ::= SKIP,SYNCH ::= SYNCH,SKIP ::= SKIP,SKIP ::= SKIP,SKIP ::= SKIP,SKIP ::= SKIP,SKIP ::= SKIP,SKIP ::= SKIP,SKIP ::= SKIP,SKIP ::= SKIP,SKIP ::= SKIP,SYNCH ::= SYNCH,SKIP ::= SKIP,SKIP ::= SKIP,SKIP ::= SKIP,SKIP ::= SKIP,SKIP ::= SKIP,SKIP ::= SKIP,SKIP ::= SKIP,FACTOR ::= LITERAL,FACTOR ::= LITERAL,FACTOR ::= LITERAL,FACTOR ::= LITERAL,FACTOR ::= LITERAL,FACTOR ::= LITERAL,SYNCH ::= SYNCH,SYNCH ::= SYNCH,SYNCH ::= SYNCH,SYNCH ::= SYNCH,SYNCH ::= SYNCH,SYNCH ::= SYNCH,SYNCH ::= SYNCH,SYNCH ::= SYNCH,SKIP ::= SKIP,SYNCH ::= SYNCH,SYNCH ::= SYNCH,SYNCH ::= SYNCH,SYNCH ::= SYNCH,SYNCH ::= SYNCH,SYNCH ::= SYNCH,SYNCH ::= SYNCH,SYNCH ::= SYNCH
